event_id,shipment_id,event_timestamp,event_type,location,status_code
EV000001,SH00100,2026-06-24 11:03:04.182185,Delivered,Jessicashire,DL
EV000002,SH00070,2026-07-02 19:30:38.842256,Delivered,North Timothy,DL
EV000003,SH00029,2026-06-30 17:30:50.853602,In Transit,Leonardfort,IT
EV000004,SH00065,2026-07-18 21:49:06.575897,Delivered,New Lucasport,DL
EV000005,SH00073,2026-06-05 02:25:13.733905,Picked Up,Whitehaven,PU
EV000006,SH00008,2026-07-18 08:15:09.056087,Delivered,Meltonville,DL
EV000007,SH00059,2026-07-11 04:52:08.672813,In Transit,Rachaelburgh,IT
EV000008,SH00075,2026-06-16 06:02:22.695892,Picked Up,Brandonmouth,PU
EV000009,SH00088,2026-06-03 00:00:03.338620,Out for Delivery,Danielsborough,OD
EV000010,SH00080,2026-06-08 05:41:13.328964,Out for Delivery,West Melissa,OD
EV000011,SH00057,2026-06-14 18:46:26.255572,Out for Delivery,East Susanchester,OD
EV000012,SH00035,2026-06-13 11:26:35.157556,In Transit,Jasonborough,IT
EV000013,SH00028,2026-07-07 15:16:06.087743,Attempted Delivery,Laurahaven,AD
EV000014,SH00086,2026-07-02 01:47:27.820151,Out for Delivery,Sandrachester,OD
EV000015,SH00096,2026-06-25 09:20:47.540751,In Transit,Fischershire,IT
EV000016,SH00002,2026-07-16 22:10:39.069117,Attempted Delivery,Hernandezborough,AD
EV000017,SH00087,2026-07-17 12:27:52.879493,Picked Up,Hayesshire,PU
EV000018,SH00080,2026-07-01 00:00:01.745812,Picked Up,Hernandezmouth,PU
EV000019,SH00080,2026-07-09 02:02:25.696821,In Transit,East Katherine,IT
EV000020,SH00029,2026-06-01 07:01:50.020316,Delivered,Josephton,DL
EV000021,SH00040,2026-06-23 01:03:01.342052,Out for Delivery,Teresaville,OD
EV000022,SH00064,2026-06-10 23:53:27.847527,Picked Up,Catherineton,PU
EV000023,SH00098,2026-06-02 01:13:52.225885,In Transit,Zhangmouth,IT
EV000024,SH00091,2026-06-02 04:47:06.856981,In Transit,Vaughnborough,IT
EV000025,SH00097,2026-05-31 10:00:52.285681,Attempted Delivery,West Heather,AD
EV000026,SH00002,2026-06-02 16:41:25.516848,Delivered,Brentland,DL
EV000027,SH00092,2026-07-15 03:39:35.352461,Delivered,Kyleville,DL
EV000028,SH00068,2026-07-08 01:18:12.504538,Attempted Delivery,Deckerburgh,AD
EV000029,SH00029,2026-06-21 15:57:54.135263,In Transit,Port Katherine,IT
EV000030,SH00014,2026-07-03 02:15:01.327024,Delivered,Davisborough,DL
EV000031,SH00080,2026-07-15 23:46:09.723037,Picked Up,Ericside,PU
EV000032,SH00024,2026-06-10 11:04:42.735475,Picked Up,Robinsonshire,PU
EV000033,SH00058,2026-06-15 18:51:16.351479,Attempted Delivery,Port Karenstad,AD
EV000034,SH00069,2026-06-25 11:12:08.541840,Out for Delivery,Port David,OD
EV000035,SH00100,2026-06-20 05:28:16.206513,In Transit,Port Heidi,IT
EV000036,SH00026,2026-07-08 21:16:19.474321,In Transit,Lake Rebecca,IT
EV000037,SH00099,2026-07-14 21:17:56.891497,Delivered,Carterstad,DL
EV000038,SH00096,2026-06-01 20:25:02.902422,Out for Delivery,West Justinport,OD
EV000039,SH00013,2026-06-05 15:38:02.597094,Delivered,South Christine,DL
EV000040,SH00010,2026-06-22 21:09:22.858414,Picked Up,Buchananfort,PU
EV000041,SH00065,2026-07-07 05:10:58.723914,In Transit,Port Mariohaven,IT
EV000042,SH00073,2026-06-16 03:21:53.358320,In Transit,Garretthaven,IT
EV000043,SH00043,2026-06-14 05:50:33.096172,Picked Up,Fordburgh,PU
EV000044,SH00003,2026-05-30 09:13:11.916376,In Transit,Johnsontown,IT
EV000045,SH00024,2026-06-26 23:51:13.822615,Out for Delivery,Nicholasburgh,OD
EV000046,SH00072,2026-06-01 20:54:29.131407,Out for Delivery,Stevestad,OD
EV000047,SH00028,2026-07-03 01:12:14.442879,In Transit,Port Jacobburgh,IT
EV000048,SH00064,2026-06-22 16:46:44.931339,Picked Up,Marybury,PU
EV000049,SH00011,2026-06-30 22:25:44.024530,Out for Delivery,East Danielfort,OD
EV000050,SH00073,2026-06-02 19:17:29.382252,Attempted Delivery,Pricetown,AD
EV000051,SH00074,2026-06-23 04:34:24.875630,Delivered,South Jenniferhaven,DL
EV000052,SH00049,2026-06-26 02:02:36.809906,In Transit,Lake Nancyport,IT
EV000053,SH00071,2026-07-06 22:05:09.901432,Out for Delivery,Hebertshire,OD
EV000054,SH00023,2026-06-02 08:08:27.112564,Delivered,Nguyenmouth,DL
EV000055,SH00033,2026-06-10 21:08:17.978462,Delivered,Travisborough,DL
EV000056,SH00073,2026-06-12 06:05:06.271390,Attempted Delivery,Chavezborough,AD
EV000057,SH00051,2026-06-28 18:56:37.178153,Delivered,North Ricky,DL
EV000058,SH00095,2026-07-13 04:53:51.420809,Attempted Delivery,East Jacob,AD
EV000059,SH00089,2026-07-15 03:45:43.051278,In Transit,South Lesliefort,IT
EV000060,SH00096,2026-06-07 01:07:46.550138,Attempted Delivery,Lake Julie,AD
EV000061,SH00003,2026-06-27 08:44:58.116049,Delivered,Port Cassidyland,DL
EV000062,SH00030,2026-06-19 11:17:16.861000,In Transit,North Jason,IT
EV000063,SH00085,2026-07-14 11:36:14.740191,In Transit,North Ginastad,IT
EV000064,SH00005,2026-06-07 21:50:24.492973,Out for Delivery,Michealfurt,OD
EV000065,SH00072,2026-07-05 15:13:05.612472,In Transit,South Krista,IT
EV000066,SH00090,2026-07-07 23:54:33.807035,Delivered,Charlesborough,DL
EV000067,SH00008,2026-07-09 00:58:27.194673,Delivered,Rogersmouth,DL
EV000068,SH00053,2026-06-06 02:34:43.749080,In Transit,Brittneyside,IT
EV000069,SH00052,2026-06-14 17:55:35.942065,Attempted Delivery,Gravesshire,AD
EV000070,SH00071,2026-07-18 19:44:51.429181,In Transit,New Nicole,IT
EV000071,SH00055,2026-07-09 14:29:53.361564,Picked Up,Lauriestad,PU
EV000072,SH00100,2026-06-03 17:39:32.846782,Picked Up,Port Kimberlyton,PU
EV000073,SH00066,2026-07-09 17:33:25.451627,In Transit,Susanland,IT
EV000074,SH00100,2026-07-01 06:43:25.862778,Delivered,Port David,DL
EV000075,SH00026,2026-06-07 11:31:05.993057,Picked Up,Port Morganchester,PU
EV000076,SH00024,2026-06-20 19:34:08.432072,Out for Delivery,Port Felicia,OD
EV000077,SH00066,2026-07-04 22:03:34.055592,Out for Delivery,Seanview,OD
EV000078,SH00035,2026-07-05 12:33:38.566890,In Transit,New Melissaside,IT
EV000079,SH00071,2026-07-13 05:25:10.876734,Attempted Delivery,Lake Duane,AD
EV000080,SH00075,2026-06-21 13:24:26.508675,Delivered,Katieton,DL
EV000081,SH00046,2026-06-04 16:45:26.232477,Attempted Delivery,North Mark,AD
EV000082,SH00045,2026-06-24 02:39:48.129185,Delivered,Adamsport,DL
EV000083,SH00034,2026-07-18 04:26:59.718873,Out for Delivery,New Catherinetown,OD
EV000084,SH00028,2026-06-08 21:35:42.404163,Picked Up,Jeremyside,PU
EV000085,SH00045,2026-07-02 09:07:07.542474,In Transit,North Desireehaven,IT
EV000086,SH00081,2026-06-25 09:38:17.731535,In Transit,Lake Charles,IT
EV000087,SH00038,2026-06-23 00:56:58.408369,Attempted Delivery,Tuckerbury,AD
EV000088,SH00010,2026-06-15 13:23:44.086202,Picked Up,South Robin,PU
EV000089,SH00009,2026-06-26 10:59:49.399708,Attempted Delivery,North Laura,AD
EV000090,SH00092,2026-06-08 06:52:24.768826,Out for Delivery,Port John,OD
EV000091,SH00052,2026-07-14 06:37:06.911775,Out for Delivery,Christinetown,OD
EV000092,SH00011,2026-07-02 07:31:32.817045,Attempted Delivery,Wardland,AD
EV000093,SH00090,2026-06-06 14:20:57.771769,Out for Delivery,Mccoychester,OD
EV000094,SH00074,2026-06-29 07:13:57.190186,Out for Delivery,East Anitamouth,OD
EV000095,SH00046,2026-06-14 05:52:58.166224,Out for Delivery,Sylviamouth,OD
EV000096,SH00046,2026-06-26 00:35:44.051336,Delivered,Williefurt,DL
EV000097,SH00059,2026-07-11 18:05:15.462908,Out for Delivery,Jamesmouth,OD
EV000098,SH00053,2026-07-08 02:06:45.658897,Delivered,Port Patriciafort,DL
EV000099,SH00038,2026-05-30 10:42:35.483522,Delivered,Castilloshire,DL
EV000100,SH00050,2026-06-18 09:19:51.978763,Picked Up,New Cherylmouth,PU
EV000101,SH00035,2026-06-13 15:07:28.544109,In Transit,Lake Laurenview,IT
EV000102,SH00032,2026-06-18 16:26:27.946526,Delivered,Michaelmouth,DL
EV000103,SH00080,2026-06-24 16:02:51.964201,Delivered,Sergiobury,DL
EV000104,SH00080,2026-06-20 12:54:37.457818,Picked Up,East Christopherbury,PU
EV000105,SH00088,2026-07-12 00:01:54.522253,In Transit,Darleneburgh,IT
EV000106,SH00024,2026-06-09 01:27:11.214953,Delivered,Rickyview,DL
EV000107,SH00095,2026-06-06 17:17:53.413572,Delivered,Buckleyville,DL
EV000108,SH00070,2026-07-03 00:06:50.081214,In Transit,South Elizabethtown,IT
EV000109,SH00044,2026-06-04 01:19:01.363770,Attempted Delivery,Whiteheadville,AD
EV000110,SH00078,2026-07-04 12:13:56.657125,Out for Delivery,North Jerry,OD
EV000111,SH00005,2026-07-07 22:21:57.904019,Attempted Delivery,Batesstad,AD
EV000112,SH00017,2026-06-06 05:23:25.278160,Attempted Delivery,Lanestad,AD
EV000113,SH00056,2026-06-25 07:54:30.154988,Attempted Delivery,Adamstad,AD
EV000114,SH00011,2026-06-01 19:46:57.862944,Attempted Delivery,New Alice,AD
EV000115,SH00085,2026-05-31 20:07:09.336922,Out for Delivery,West Donna,OD
EV000116,SH00010,2026-06-05 12:55:35.937345,In Transit,South Antonioville,IT
EV000117,SH00022,2026-07-13 14:41:14.410454,Attempted Delivery,New Patriciaside,AD
EV000118,SH00034,2026-06-05 05:24:46.324023,Out for Delivery,Jenniferstad,OD
EV000119,SH00004,2026-06-01 02:46:39.849518,Picked Up,West Josephton,PU
EV000120,SH00043,2026-05-31 03:49:43.294067,Delivered,Francesstad,DL
EV000121,SH00061,2026-06-24 09:33:01.637667,In Transit,West Joshuabury,IT
EV000122,SH00064,2026-07-06 07:05:46.885493,Picked Up,Jasonport,PU
EV000123,SH00054,2026-06-03 18:38:56.431979,Delivered,North Catherine,DL
EV000124,SH00093,2026-07-12 01:51:35.954394,Picked Up,South Gregoryborough,PU
EV000125,SH00046,2026-06-27 14:23:34.900371,Attempted Delivery,Maldonadoton,AD
EV000126,SH00043,2026-06-08 04:54:52.239894,Delivered,Porterborough,DL
EV000127,SH00059,2026-06-10 04:19:59.312481,Delivered,Ronaldmouth,DL
EV000128,SH00036,2026-07-07 07:45:26.926445,Delivered,North Samanthaberg,DL
EV000129,SH00066,2026-07-15 00:36:26.889471,In Transit,West Jenna,IT
EV000130,SH00075,2026-06-05 12:52:58.004474,In Transit,Tylerton,IT
EV000131,SH00041,2026-06-02 02:05:37.636123,Out for Delivery,Jonestown,OD
EV000132,SH00061,2026-06-26 19:04:08.363871,Out for Delivery,Nelsonbury,OD
EV000133,SH00088,2026-06-01 15:49:07.317979,Picked Up,Mariaberg,PU
EV000134,SH00051,2026-06-08 03:16:32.893833,Picked Up,Carolynmouth,PU
EV000135,SH00075,2026-07-13 00:09:26.583461,In Transit,Lake Kylefurt,IT
EV000136,SH00081,2026-07-18 16:08:15.891114,Attempted Delivery,Rebeccaborough,AD
EV000137,SH00041,2026-07-17 05:52:50.095200,Picked Up,Victoriahaven,PU
EV000138,SH00059,2026-06-21 08:34:17.399476,Out for Delivery,South Gina,OD
EV000139,SH00018,2026-06-26 07:56:28.729100,In Transit,East Adam,IT
EV000140,SH00039,2026-07-04 06:25:56.838906,In Transit,Loweshire,IT
EV000141,SH00055,2026-06-23 03:22:07.133153,Delivered,Lake Julie,DL
EV000142,SH00015,2026-06-11 05:08:47.027523,Delivered,Lake Beth,DL
EV000143,SH00089,2026-06-06 18:33:57.140368,Attempted Delivery,North Joshuamouth,AD
EV000144,SH00008,2026-07-14 01:42:07.253845,Out for Delivery,East Erin,OD
EV000145,SH00006,2026-06-28 08:08:10.165226,Attempted Delivery,Angelashire,AD
EV000146,SH00053,2026-05-31 10:40:30.835397,Picked Up,Lake Jennifer,PU
EV000147,SH00044,2026-06-04 03:29:42.144627,In Transit,East Kevinstad,IT
EV000148,SH00052,2026-06-19 08:49:08.880699,Out for Delivery,Rowemouth,OD
EV000149,SH00036,2026-07-04 07:57:13.710314,Attempted Delivery,Evantown,AD
EV000150,SH00091,2026-07-02 12:03:56.070375,Attempted Delivery,Lake Amandachester,AD
EV000151,SH00078,2026-07-15 05:40:16.187459,Attempted Delivery,New Heather,AD
EV000152,SH00086,2026-06-27 04:16:13.424291,Out for Delivery,New Robertshire,OD
EV000153,SH00059,2026-06-28 11:48:55.429481,Attempted Delivery,West Kenneth,AD
EV000154,SH00008,2026-06-13 18:16:33.575687,Attempted Delivery,Taylorchester,AD
EV000155,SH00034,2026-06-14 10:19:21.600937,Out for Delivery,North Erikstad,OD
EV000156,SH00099,2026-06-14 07:32:07.593870,Out for Delivery,Patriciaside,OD
EV000157,SH00064,2026-07-15 15:41:49.761523,Picked Up,Josephtown,PU
EV000158,SH00017,2026-06-18 08:49:59.283339,Attempted Delivery,Erinburgh,AD
EV000159,SH00002,2026-06-15 10:30:19.343875,Picked Up,Rangelchester,PU
EV000160,SH00039,2026-06-26 03:26:18.866767,Picked Up,East Micheal,PU
EV000161,SH00079,2026-07-06 06:46:43.769022,Delivered,Michaelfurt,DL
EV000162,SH00077,2026-06-03 22:23:35.373890,Picked Up,Mackville,PU
EV000163,SH00090,2026-07-06 23:24:43.896507,Delivered,East Teresa,DL
EV000164,SH00013,2026-07-13 14:18:22.640218,Out for Delivery,Hillberg,OD
EV000165,SH00038,2026-06-18 00:34:55.067608,In Transit,West Erica,IT
EV000166,SH00068,2026-07-07 12:31:04.478153,Out for Delivery,New Sarah,OD
EV000167,SH00029,2026-07-08 05:59:33.057498,In Transit,South Cassidy,IT
EV000168,SH00057,2026-06-22 01:44:38.454107,Delivered,Hardyland,DL
EV000169,SH00037,2026-06-24 16:47:47.040053,Delivered,New Saramouth,DL
EV000170,SH00021,2026-06-12 02:38:10.855002,Attempted Delivery,Mcdowellview,AD
EV000171,SH00091,2026-07-09 00:15:14.458657,Picked Up,Averytown,PU
EV000172,SH00075,2026-06-09 09:13:34.678661,Delivered,West Gregory,DL
EV000173,SH00092,2026-07-04 07:53:09.273884,Attempted Delivery,Amyborough,AD
EV000174,SH00035,2026-06-28 17:57:43.866108,Out for Delivery,Jenniferberg,OD
EV000175,SH00047,2026-06-13 00:08:50.143459,Picked Up,South Tony,PU
EV000176,SH00050,2026-07-16 13:48:54.775113,Attempted Delivery,New Davidmouth,AD
EV000177,SH00056,2026-06-17 20:24:51.419080,Attempted Delivery,New Marychester,AD
EV000178,SH00045,2026-06-06 15:41:12.280534,Attempted Delivery,Austinside,AD
EV000179,SH00061,2026-05-30 07:02:33.050694,Delivered,South Jeffreyview,DL
EV000180,SH00048,2026-07-17 00:39:35.318337,Out for Delivery,Erinmouth,OD
EV000181,SH00055,2026-06-16 10:07:19.274110,Delivered,South Davidfort,DL
EV000182,SH00011,2026-06-20 18:29:48.979313,Attempted Delivery,South Bonnieside,AD
EV000183,SH00018,2026-06-06 05:59:19.414499,Out for Delivery,Brandonmouth,OD
EV000184,SH00030,2026-06-08 17:49:35.989062,Picked Up,Sheenafurt,PU
EV000185,SH00084,2026-07-15 16:39:50.678578,Attempted Delivery,Davidhaven,AD
EV000186,SH00091,2026-06-20 08:24:39.664924,Attempted Delivery,West Jenna,AD
EV000187,SH00098,2026-06-13 16:01:32.415118,Attempted Delivery,East Aprilmouth,AD
EV000188,SH00025,2026-06-25 06:49:08.672790,Picked Up,North Lauraview,PU
EV000189,SH00049,2026-06-19 14:16:05.264091,In Transit,New Leslie,IT
EV000190,SH00024,2026-06-23 10:13:23.364485,Out for Delivery,West Benjamin,OD
EV000191,SH00093,2026-06-29 06:20:20.167267,Delivered,North Christinaberg,DL
EV000192,SH00098,2026-06-02 19:38:24.099317,In Transit,New Mckenziemouth,IT
EV000193,SH00017,2026-06-10 07:40:48.141980,In Transit,New Jessicashire,IT
EV000194,SH00099,2026-06-03 04:08:49.009007,Attempted Delivery,Newtonberg,AD
EV000195,SH00053,2026-06-17 09:51:40.363808,Delivered,South Meagan,DL
EV000196,SH00080,2026-07-07 13:37:08.081711,Picked Up,Garrisonton,PU
EV000197,SH00029,2026-07-02 13:50:04.714820,In Transit,Rebeccaview,IT
EV000198,SH00063,2026-07-09 22:01:50.495723,In Transit,Port Alecton,IT
EV000199,SH00018,2026-06-02 19:34:52.688867,In Transit,Chadfurt,IT
EV000200,SH00029,2026-06-09 03:13:25.344214,Out for Delivery,New Jenniferbury,OD
EV000201,SH00030,2026-07-11 12:54:10.077080,Out for Delivery,South Carolville,OD
EV000202,SH00063,2026-07-07 03:26:54.840171,Out for Delivery,Santiagomouth,OD
EV000203,SH00052,2026-06-10 13:41:47.898865,In Transit,West Leslie,IT
EV000204,SH00087,2026-06-23 03:17:07.424292,Delivered,Port Brianmouth,DL
EV000205,SH00031,2026-07-04 15:03:03.359175,Delivered,Suttonfort,DL
EV000206,SH00078,2026-06-16 00:11:50.131313,Attempted Delivery,East Christinefurt,AD
EV000207,SH00023,2026-06-26 03:27:45.498460,Attempted Delivery,Lake Connie,AD
EV000208,SH00093,2026-07-05 18:27:31.596026,In Transit,Tuckerhaven,IT
EV000209,SH00063,2026-06-03 10:16:31.567729,In Transit,Garybury,IT
EV000210,SH00088,2026-07-05 08:57:45.486722,Delivered,Port Kevinview,DL
EV000211,SH00053,2026-06-06 20:34:23.188165,In Transit,Madelinefort,IT
EV000212,SH00073,2026-06-21 07:48:02.964790,Delivered,New Stevenborough,DL
EV000213,SH00091,2026-06-02 07:30:00.158048,Out for Delivery,New James,OD
EV000214,SH00054,2026-06-10 18:21:05.779850,Out for Delivery,Meyerberg,OD
EV000215,SH00037,2026-07-06 09:34:41.033516,Delivered,Lynnberg,DL
EV000216,SH00031,2026-06-14 17:55:34.258735,Picked Up,Harperhaven,PU
EV000217,SH00051,2026-07-07 17:08:00.624775,Attempted Delivery,Desireeton,AD
EV000218,SH00003,2026-07-06 05:50:42.676229,Attempted Delivery,Port Paul,AD
EV000219,SH00100,2026-05-31 10:20:00.948407,Picked Up,North Charlesside,PU
EV000220,SH00064,2026-07-14 16:05:01.970567,Attempted Delivery,Port Amandastad,AD
EV000221,SH00039,2026-06-13 07:12:22.029150,Attempted Delivery,South Timothychester,AD
EV000222,SH00082,2026-07-06 18:47:36.415589,Picked Up,Brucefurt,PU
EV000223,SH00048,2026-06-22 05:19:13.637381,In Transit,Susanshire,IT
EV000224,SH00016,2026-06-28 14:52:59.140782,Picked Up,Port Lee,PU
EV000225,SH00077,2026-06-06 19:14:56.774222,Picked Up,Anthonyton,PU
EV000226,SH00040,2026-06-25 07:59:34.602372,In Transit,Porterton,IT
EV000227,SH00057,2026-06-03 15:07:40.171038,Delivered,Rosston,DL
EV000228,SH00074,2026-05-31 09:51:29.110028,Delivered,Melissafort,DL
EV000229,SH00030,2026-06-21 09:05:43.559196,In Transit,Vickishire,IT
EV000230,SH00039,2026-06-16 06:00:55.105920,Delivered,Lake Nicholas,DL
EV000231,SH00033,2026-06-20 19:32:47.452842,In Transit,Port Dillon,IT
EV000232,SH00070,2026-07-18 23:54:32.103462,Picked Up,Sarahfort,PU
EV000233,SH00009,2026-07-13 04:47:37.274011,In Transit,Port Bradleyside,IT
EV000234,SH00006,2026-07-08 02:24:34.337341,Attempted Delivery,Austinview,AD
EV000235,SH00043,2026-06-28 00:00:22.482689,Picked Up,Lake Kevinport,PU
EV000236,SH00017,2026-06-04 04:19:47.248124,Picked Up,South Kellyborough,PU
EV000237,SH00036,2026-06-20 09:39:08.024932,Picked Up,Brooksshire,PU
EV000238,SH00065,2026-07-12 02:22:30.150451,In Transit,South Jennifer,IT
EV000239,SH00043,2026-06-04 06:28:09.163172,Delivered,Lake Williebury,DL
EV000240,SH00056,2026-06-19 11:21:35.039834,Picked Up,East Amy,PU
EV000241,SH00030,2026-06-04 18:35:04.158091,Attempted Delivery,Lake Charles,AD
EV000242,SH00042,2026-07-17 17:39:31.902042,Delivered,Port Dawntown,DL
EV000243,SH00022,2026-07-10 15:41:48.616598,Picked Up,Port Brittanyburgh,PU
EV000244,SH00047,2026-06-14 00:26:17.717485,Delivered,Adamshire,DL
EV000245,SH00048,2026-07-08 10:08:31.647979,Attempted Delivery,North Olivia,AD
EV000246,SH00032,2026-07-13 13:53:42.391140,Picked Up,Lake Sharonmouth,PU
EV000247,SH00086,2026-06-14 03:04:41.537164,Out for Delivery,Davidton,OD
EV000248,SH00005,2026-06-19 01:36:16.817710,In Transit,North Ryan,IT
EV000249,SH00008,2026-07-03 14:18:39.810186,In Transit,Bowersberg,IT
EV000250,SH00067,2026-06-28 18:45:48.393707,Out for Delivery,Port Matthewtown,OD
EV000251,SH00039,2026-05-31 20:24:05.274319,Picked Up,Evanport,PU
EV000252,SH00080,2026-06-18 22:39:12.082186,Attempted Delivery,South Antoniomouth,AD
EV000253,SH00051,2026-06-08 00:15:15.231769,Picked Up,Barkerchester,PU
EV000254,SH00012,2026-07-11 07:12:32.612501,Attempted Delivery,New Carol,AD
EV000255,SH00066,2026-06-05 19:02:27.812682,Delivered,West Richardchester,DL
EV000256,SH00074,2026-06-28 06:43:06.999290,Delivered,Joyceville,DL
EV000257,SH00099,2026-07-13 05:37:35.662523,In Transit,East Tara,IT
EV000258,SH00016,2026-06-21 19:49:37.217278,Delivered,Veronicaland,DL
EV000259,SH00038,2026-06-20 17:51:48.831880,Out for Delivery,Jaimemouth,OD
EV000260,SH00048,2026-06-14 07:57:43.916493,Attempted Delivery,Lake Lorraine,AD
EV000261,SH00029,2026-06-09 20:26:12.102906,Picked Up,Jeremymouth,PU
EV000262,SH00053,2026-07-15 14:15:37.254628,Out for Delivery,Salazarmouth,OD
EV000263,SH00032,2026-07-12 01:02:28.644193,In Transit,New Matthewport,IT
EV000264,SH00031,2026-06-05 15:44:27.767909,In Transit,Sullivanshire,IT
EV000265,SH00038,2026-07-10 14:10:56.339681,Picked Up,Paulside,PU
EV000266,SH00021,2026-06-15 06:33:27.879884,Out for Delivery,North Calebberg,OD
EV000267,SH00064,2026-07-12 17:58:14.080316,Picked Up,East Hannahland,PU
EV000268,SH00009,2026-07-18 18:23:37.735298,Picked Up,West Chadberg,PU
EV000269,SH00027,2026-06-30 21:23:38.285289,Out for Delivery,East Susan,OD
EV000270,SH00056,2026-06-24 04:24:24.311019,Out for Delivery,Lake Calebtown,OD
EV000271,SH00092,2026-07-08 06:26:59.583921,In Transit,Erikburgh,IT
EV000272,SH00042,2026-07-10 14:38:27.304188,In Transit,Courtneyport,IT
EV000273,SH00055,2026-07-17 01:38:00.254198,Attempted Delivery,Jenniferhaven,AD
EV000274,SH00063,2026-06-07 13:59:01.279560,Picked Up,Lake Loristad,PU
EV000275,SH00067,2026-06-12 04:25:01.552012,Out for Delivery,West Colleen,OD
EV000276,SH00046,2026-06-17 11:59:27.738008,In Transit,Ashleyville,IT
EV000277,SH00093,2026-06-10 07:20:13.538486,Delivered,Biancafurt,DL
EV000278,SH00045,2026-06-28 08:16:09.485911,In Transit,West Marvin,IT
EV000279,SH00046,2026-06-16 23:31:34.497777,In Transit,Alexbury,IT
EV000280,SH00068,2026-07-01 01:10:26.455176,Attempted Delivery,Elizabethshire,AD
EV000281,SH00074,2026-07-09 21:27:38.470818,Out for Delivery,South Benjamin,OD
EV000282,SH00048,2026-07-09 05:54:12.136705,Out for Delivery,Port Williamberg,OD
EV000283,SH00042,2026-05-31 15:37:12.325971,Attempted Delivery,North Shelby,AD
EV000284,SH00048,2026-07-02 13:25:34.604024,Picked Up,West Nicholas,PU
EV000285,SH00033,2026-06-17 04:32:33.563827,Attempted Delivery,North Samuelborough,AD
EV000286,SH00019,2026-06-20 10:16:30.300667,Attempted Delivery,Burgessshire,AD
EV000287,SH00048,2026-07-10 19:31:11.812346,Delivered,Whitneymouth,DL
EV000288,SH00024,2026-07-02 10:36:59.622137,Out for Delivery,Lake Michael,OD
EV000289,SH00008,2026-06-01 07:45:06.679404,Out for Delivery,Lake Timothyborough,OD
EV000290,SH00055,2026-06-05 19:12:14.807996,Picked Up,Heatherchester,PU
EV000291,SH00029,2026-06-06 02:58:32.337633,Attempted Delivery,Durhamton,AD
EV000292,SH00077,2026-06-13 03:00:18.905765,In Transit,Johnsonton,IT
EV000293,SH00074,2026-07-14 19:57:53.153073,Picked Up,Tamarafort,PU
EV000294,SH00036,2026-06-22 04:33:13.168285,Out for Delivery,New Marc,OD
EV000295,SH00093,2026-06-13 18:49:33.743418,Attempted Delivery,New Matthewton,AD
EV000296,SH00075,2026-07-16 08:31:52.066764,Out for Delivery,Lopezview,OD
EV000297,SH00092,2026-07-12 01:53:41.772413,Picked Up,Port Tim,PU
EV000298,SH00015,2026-06-26 04:50:54.249673,Delivered,Clarkfurt,DL
EV000299,SH00099,2026-06-26 15:16:34.716630,Delivered,North Andrewchester,DL
EV000300,SH00087,2026-07-18 11:02:07.235731,Picked Up,East William,PU
EV000301,SH00029,2026-06-23 13:20:43.506819,Attempted Delivery,Michaelchester,AD
EV000302,SH00018,2026-07-02 05:27:18.738308,Attempted Delivery,Sandratown,AD
EV000303,SH00097,2026-06-22 22:23:12.011826,Delivered,Port Valerieport,DL
EV000304,SH00013,2026-06-21 17:17:45.778399,Attempted Delivery,Leechester,AD
EV000305,SH00040,2026-07-13 21:10:18.639607,Picked Up,Kimberlymouth,PU
EV000306,SH00026,2026-06-28 15:42:57.200652,Delivered,Oliviaville,DL
EV000307,SH00007,2026-05-31 22:17:51.782710,Attempted Delivery,Clarkland,AD
EV000308,SH00036,2026-06-07 10:49:26.076144,Out for Delivery,East Jesus,OD
EV000309,SH00035,2026-06-28 03:11:35.926327,Delivered,Carlosmouth,DL
EV000310,SH00021,2026-06-22 11:35:03.085954,Attempted Delivery,Port Stephaniestad,AD
EV000311,SH00089,2026-07-12 17:44:50.429073,Delivered,North Saraton,DL
EV000312,SH00065,2026-06-11 08:01:58.660182,Delivered,South Virginia,DL
EV000313,SH00048,2026-06-14 15:25:49.400162,In Transit,Port Susanmouth,IT
EV000314,SH00020,2026-06-04 03:55:04.541146,Picked Up,Stewartmouth,PU
EV000315,SH00040,2026-06-16 23:14:28.547345,Attempted Delivery,Watsonburgh,AD
EV000316,SH00083,2026-07-10 17:02:41.144564,Picked Up,New Jameschester,PU
EV000317,SH00029,2026-07-16 14:45:49.755626,Delivered,Hodgesborough,DL
EV000318,SH00060,2026-06-18 14:20:21.367584,Out for Delivery,Peckport,OD
EV000319,SH00095,2026-05-31 03:09:18.263815,In Transit,Lake Lauren,IT
EV000320,SH00014,2026-06-27 14:54:07.121162,Attempted Delivery,Johnchester,AD
EV000321,SH00071,2026-06-13 15:26:41.576099,Delivered,South Angela,DL
EV000322,SH00048,2026-05-31 05:40:32.901159,In Transit,New Krystalchester,IT
EV000323,SH00027,2026-06-24 00:50:43.916693,Attempted Delivery,West John,AD
EV000324,SH00020,2026-06-08 15:29:55.356689,Attempted Delivery,Jasonberg,AD
EV000325,SH00068,2026-06-03 22:27:41.352181,Out for Delivery,Lake Yvonne,OD
EV000326,SH00005,2026-06-12 00:49:34.431430,Picked Up,Collinsshire,PU
EV000327,SH00070,2026-07-07 18:00:16.566982,In Transit,Lake Jacobview,IT
EV000328,SH00060,2026-06-06 09:16:32.628515,In Transit,Lake Abigail,IT
EV000329,SH00029,2026-06-08 22:50:39.346017,Picked Up,East Karenview,PU
EV000330,SH00054,2026-06-09 07:43:51.241569,Delivered,Villegasland,DL
EV000331,SH00071,2026-07-02 17:34:54.331324,In Transit,Haleborough,IT
EV000332,SH00083,2026-07-01 02:05:51.349106,Attempted Delivery,West Wesley,AD
EV000333,SH00047,2026-06-10 18:55:36.862110,In Transit,Allenland,IT
EV000334,SH00020,2026-07-09 12:10:48.333358,Attempted Delivery,East Carlosport,AD
EV000335,SH00042,2026-06-28 13:28:45.280153,In Transit,Wilsonberg,IT
EV000336,SH00028,2026-06-19 00:16:38.927687,In Transit,Harristown,IT
EV000337,SH00094,2026-07-10 19:18:54.843131,Delivered,Nguyenborough,DL
EV000338,SH00023,2026-06-21 06:21:58.847234,In Transit,New Lorraine,IT
EV000339,SH00008,2026-06-01 20:32:21.338844,Out for Delivery,Kylemouth,OD
EV000340,SH00002,2026-06-24 14:40:19.283446,Out for Delivery,Carolborough,OD
EV000341,SH00041,2026-06-06 18:21:45.278534,Picked Up,Kelleyberg,PU
EV000342,SH00046,2026-06-24 21:27:03.279358,Attempted Delivery,Debraberg,AD
EV000343,SH00021,2026-06-07 08:35:29.690333,In Transit,New Michaelbury,IT
EV000344,SH00080,2026-06-04 17:26:18.414464,Out for Delivery,West Lauriemouth,OD
EV000345,SH00023,2026-07-15 16:04:58.855716,Delivered,Donnabury,DL
EV000346,SH00006,2026-06-11 02:43:31.197278,In Transit,East Christophermouth,IT
EV000347,SH00051,2026-07-16 21:29:32.168591,Delivered,Paynemouth,DL
EV000348,SH00054,2026-07-10 13:27:15.928707,In Transit,Franklinville,IT
EV000349,SH00034,2026-07-18 00:14:25.349481,Out for Delivery,Lopezton,OD
EV000350,SH00016,2026-07-06 22:03:12.046696,In Transit,Hayesshire,IT
EV000351,SH00039,2026-06-24 22:14:01.939250,In Transit,Lake Ericton,IT
EV000352,SH00077,2026-06-05 07:20:57.916995,In Transit,South Donald,IT
EV000353,SH00035,2026-06-20 06:07:38.290645,Delivered,Suzanneview,DL
EV000354,SH00055,2026-06-07 06:09:56.271038,In Transit,Sheppardview,IT
EV000355,SH00068,2026-07-05 16:10:34.970318,Attempted Delivery,Lake Kennethburgh,AD
EV000356,SH00062,2026-06-20 23:26:32.209210,Delivered,Josephton,DL
EV000357,SH00063,2026-06-24 18:53:50.051882,In Transit,Brownview,IT
EV000358,SH00024,2026-06-30 09:53:34.109442,Attempted Delivery,West Crystal,AD
EV000359,SH00036,2026-07-08 23:38:10.299714,Picked Up,Port Morganview,PU
EV000360,SH00093,2026-06-07 14:28:14.022865,Attempted Delivery,Meyerton,AD
EV000361,SH00088,2026-06-12 21:32:46.452453,Out for Delivery,Heathershire,OD
EV000362,SH00085,2026-06-11 14:43:19.102825,Attempted Delivery,Karenfort,AD
EV000363,SH00045,2026-06-13 18:57:47.847485,In Transit,North Daniel,IT
EV000364,SH00040,2026-06-22 22:46:50.166380,In Transit,East Jacob,IT
EV000365,SH00016,2026-06-06 23:20:01.840897,Out for Delivery,Lake Williamberg,OD
EV000366,SH00022,2026-07-03 20:16:36.015951,Attempted Delivery,Lewistown,AD
EV000367,SH00096,2026-07-03 20:39:59.290903,In Transit,Robertshire,IT
EV000368,SH00087,2026-07-09 13:47:35.638126,In Transit,Port Derrick,IT
EV000369,SH00079,2026-06-21 13:48:12.777906,In Transit,Starkmouth,IT
EV000370,SH00055,2026-06-06 06:41:18.628770,Attempted Delivery,South Michaelchester,AD
EV000371,SH00022,2026-07-14 07:42:29.403164,Delivered,Rushton,DL
EV000372,SH00085,2026-06-25 22:28:36.426677,Delivered,Kelseybury,DL
EV000373,SH00014,2026-06-30 15:08:30.531718,Picked Up,Elizabethmouth,PU
EV000374,SH00066,2026-07-12 02:21:32.089166,Delivered,North Brian,DL
EV000375,SH00061,2026-06-12 05:08:57.076567,Delivered,North Henryburgh,DL
EV000376,SH00043,2026-07-05 06:55:36.265699,Picked Up,Amymouth,PU
EV000377,SH00019,2026-07-04 10:43:06.181839,Delivered,North Lisa,DL
EV000378,SH00056,2026-07-19 00:08:44.861675,In Transit,Port Amyfort,IT
EV000379,SH00044,2026-06-06 15:34:52.807130,Picked Up,Derekton,PU
EV000380,SH00028,2026-06-25 11:07:35.688412,In Transit,Lake Williamborough,IT
EV000381,SH00080,2026-07-07 22:54:05.601018,Delivered,Port Lauren,DL
EV000382,SH00064,2026-06-01 11:20:13.426243,In Transit,New Jason,IT
EV000383,SH00028,2026-06-21 15:47:46.083019,Picked Up,South Christophershire,PU
EV000384,SH00033,2026-06-07 10:10:56.295767,In Transit,Lake Edward,IT
EV000385,SH00074,2026-05-30 21:48:21.209481,Delivered,Port Melinda,DL
EV000386,SH00076,2026-07-03 12:34:59.078249,In Transit,East Carla,IT
EV000387,SH00092,2026-07-15 06:19:01.217322,Picked Up,New Aaronton,PU
EV000388,SH00087,2026-06-15 17:45:54.877193,Attempted Delivery,Ronaldshire,AD
EV000389,SH00074,2026-06-26 02:35:30.096600,Attempted Delivery,North Jose,AD
EV000390,SH00047,2026-06-04 06:33:06.647339,Attempted Delivery,West Charles,AD
EV000391,SH00047,2026-06-22 11:44:57.348128,In Transit,Lake Tara,IT
EV000392,SH00053,2026-07-01 00:39:03.473539,Delivered,East Jonathan,DL
EV000393,SH00019,2026-06-16 00:14:34.327511,Attempted Delivery,West Michaelstad,AD
EV000394,SH00022,2026-07-02 05:04:09.537680,In Transit,Huffmanview,IT
EV000395,SH00028,2026-07-07 11:50:55.875933,Picked Up,New Amyberg,PU
EV000396,SH00063,2026-07-14 08:49:51.634209,Delivered,North Jerry,DL
EV000397,SH00066,2026-07-14 05:33:26.044054,Out for Delivery,Thomasstad,OD
EV000398,SH00099,2026-06-08 02:30:33.021701,Picked Up,South Tamaramouth,PU
EV000399,SH00019,2026-07-05 16:23:37.197478,Picked Up,West Jeanette,PU
EV000400,SH00068,2026-06-11 03:12:24.139728,Picked Up,Gomezborough,PU
EV000401,SH00051,2026-07-07 15:14:07.262213,Delivered,Aguilarstad,DL
EV000402,SH00006,2026-06-23 18:04:01.433182,In Transit,Lake Dana,IT
EV000403,SH00014,2026-06-02 21:09:56.670687,Out for Delivery,Lake Matthewshire,OD
EV000404,SH00037,2026-07-15 21:56:29.460863,Picked Up,Powellmouth,PU
EV000405,SH00047,2026-06-07 11:35:44.054766,Delivered,Mathisland,DL
EV000406,SH00007,2026-06-03 10:08:11.884950,Picked Up,New Carolynhaven,PU
EV000407,SH00088,2026-06-07 22:38:50.036027,Attempted Delivery,South Andrewborough,AD
EV000408,SH00098,2026-06-05 11:03:07.547158,Delivered,Nelsonshire,DL
EV000409,SH00039,2026-06-07 02:00:20.196118,Out for Delivery,North Michaelburgh,OD
EV000410,SH00062,2026-06-27 02:10:12.499054,Attempted Delivery,South Colton,AD
EV000411,SH00072,2026-06-03 05:09:59.117429,In Transit,West Christopher,IT
EV000412,SH00015,2026-07-16 07:07:41.276670,Picked Up,East Alexanderfort,PU
EV000413,SH00034,2026-06-29 19:07:23.703992,Delivered,North Penny,DL
EV000414,SH00053,2026-07-15 12:14:26.219624,Attempted Delivery,North Tina,AD
EV000415,SH00015,2026-06-02 12:29:54.261013,Attempted Delivery,East Dennis,AD
EV000416,SH00055,2026-06-01 07:43:44.161464,In Transit,North Andrea,IT
EV000417,SH00081,2026-06-19 16:48:25.713811,Out for Delivery,Bryanport,OD
EV000418,SH00057,2026-06-10 22:31:48.740415,In Transit,North Matthewland,IT
EV000419,SH00004,2026-07-02 06:51:51.629247,In Transit,South Alexander,IT
EV000420,SH00040,2026-06-29 08:00:34.900042,Out for Delivery,Taylorstad,OD
EV000421,SH00087,2026-06-03 17:57:14.868071,In Transit,Lisaburgh,IT
EV000422,SH00059,2026-07-07 09:14:38.401897,Out for Delivery,North Jessica,OD
EV000423,SH00003,2026-06-07 01:05:03.468153,Delivered,Carlosfort,DL
EV000424,SH00036,2026-07-08 05:51:20.702644,Picked Up,North Rebekah,PU
EV000425,SH00036,2026-06-29 23:50:26.596117,Delivered,Franciscotown,DL
EV000426,SH00021,2026-07-15 19:33:15.015565,In Transit,North Wendyfurt,IT
EV000427,SH00047,2026-07-07 04:57:35.166545,Delivered,Port Bethanyborough,DL
EV000428,SH00029,2026-07-13 04:53:18.132413,Out for Delivery,New Adamstad,OD
EV000429,SH00042,2026-07-16 16:08:27.405855,Out for Delivery,Brownmouth,OD
EV000430,SH00087,2026-06-20 12:10:15.933280,Delivered,Port Melissastad,DL
EV000431,SH00029,2026-07-17 05:20:59.796022,In Transit,Port Dustinmouth,IT
EV000432,SH00086,2026-05-31 16:44:38.450425,Out for Delivery,Fosterland,OD
EV000433,SH00040,2026-07-17 00:20:39.166170,Delivered,South Timothy,DL
EV000434,SH00040,2026-07-15 02:57:56.847467,Picked Up,East James,PU
EV000435,SH00013,2026-07-08 12:07:51.244074,Delivered,Philipside,DL
EV000436,SH00048,2026-06-05 09:00:05.585697,Delivered,Port Brandyside,DL
EV000437,SH00096,2026-06-25 17:29:40.212337,In Transit,Englishtown,IT
EV000438,SH00049,2026-06-23 03:15:32.648212,Out for Delivery,Morrisville,OD
EV000439,SH00093,2026-07-16 22:35:18.948493,Delivered,North Gina,DL
EV000440,SH00068,2026-06-21 17:02:35.894065,In Transit,New Monicaberg,IT
EV000441,SH00100,2026-06-02 22:31:57.789665,In Transit,Blackburnville,IT
EV000442,SH00061,2026-07-09 16:23:30.169800,Out for Delivery,Howardbury,OD
EV000443,SH00100,2026-06-21 07:15:54.854842,In Transit,South Mark,IT
EV000444,SH00091,2026-06-26 11:28:35.936800,Picked Up,Carterchester,PU
EV000445,SH00023,2026-05-30 13:00:40.142574,In Transit,West Maryfort,IT
EV000446,SH00071,2026-06-01 19:18:44.109681,Delivered,Chavezville,DL
EV000447,SH00060,2026-06-16 13:10:06.756064,In Transit,Lake Kyle,IT
EV000448,SH00039,2026-06-14 03:17:38.857526,Attempted Delivery,West Michael,AD
EV000449,SH00072,2026-07-04 04:42:59.468430,Out for Delivery,Bellshire,OD
EV000450,SH00070,2026-06-21 07:00:20.038348,Out for Delivery,New Judithtown,OD
EV000451,SH00031,2026-06-24 04:25:34.566984,Delivered,Connerfort,DL
EV000452,SH00027,2026-07-15 20:58:57.609883,Attempted Delivery,Boydmouth,AD
EV000453,SH00038,2026-07-16 02:46:32.873861,In Transit,East Kylie,IT
EV000454,SH00043,2026-07-04 05:03:03.448841,Picked Up,Thomasview,PU
EV000455,SH00051,2026-06-22 08:17:44.126720,Delivered,Davistown,DL
EV000456,SH00084,2026-06-23 06:03:44.896531,Delivered,New Sophiabury,DL
EV000457,SH00043,2026-06-29 15:08:22.853249,Picked Up,Tracyberg,PU
EV000458,SH00079,2026-07-04 19:11:33.549529,In Transit,Cassiefort,IT
EV000459,SH00053,2026-07-02 02:47:24.905577,Out for Delivery,North Richard,OD
EV000460,SH00035,2026-06-01 17:13:41.924654,Attempted Delivery,Gallaghermouth,AD
EV000461,SH00009,2026-06-19 06:51:31.022758,Delivered,Nicolechester,DL
EV000462,SH00066,2026-06-24 04:59:26.753936,Delivered,Patriciachester,DL
EV000463,SH00097,2026-07-15 05:29:52.475847,Picked Up,Port Amandaburgh,PU
EV000464,SH00076,2026-06-23 22:55:35.110720,In Transit,Port James,IT
EV000465,SH00065,2026-06-30 11:17:08.429154,Attempted Delivery,Sheilamouth,AD
EV000466,SH00035,2026-06-06 03:48:39.258732,Attempted Delivery,New Maria,AD
EV000467,SH00034,2026-07-16 06:41:32.779094,In Transit,New Kristabury,IT
EV000468,SH00036,2026-07-12 14:24:45.422240,Delivered,Port Kyletown,DL
EV000469,SH00090,2026-06-16 13:07:06.271073,Attempted Delivery,South Scott,AD
EV000470,SH00087,2026-06-07 01:56:17.031010,Attempted Delivery,Coreyport,AD
EV000471,SH00098,2026-06-24 22:06:51.459103,Picked Up,New Jonathanton,PU
EV000472,SH00086,2026-06-13 12:37:05.910820,Delivered,Steveburgh,DL
EV000473,SH00061,2026-07-05 12:32:28.386472,Out for Delivery,Lake Danielle,OD
EV000474,SH00070,2026-05-30 17:07:45.490747,In Transit,Nancychester,IT
EV000475,SH00015,2026-06-07 19:25:15.517835,Attempted Delivery,Angelashire,AD
EV000476,SH00049,2026-07-06 03:58:04.091946,Delivered,New Katherinemouth,DL
EV000477,SH00084,2026-06-16 05:54:24.993673,Delivered,North William,DL
EV000478,SH00038,2026-06-07 06:59:31.510340,Out for Delivery,Robinfort,OD
EV000479,SH00027,2026-06-14 18:25:22.366556,Out for Delivery,West Thomas,OD
EV000480,SH00041,2026-06-01 21:05:39.136853,Attempted Delivery,Kellyville,AD
EV000481,SH00095,2026-07-13 15:38:45.758240,Picked Up,Collinsside,PU
EV000482,SH00021,2026-06-29 03:03:23.751731,Delivered,Bishopfort,DL
EV000483,SH00029,2026-06-02 11:12:32.107902,Picked Up,Charlesbury,PU
EV000484,SH00074,2026-06-29 14:53:56.575295,Out for Delivery,Jacquelinetown,OD
EV000485,SH00029,2026-07-01 23:31:08.961790,Delivered,Ryantown,DL
EV000486,SH00100,2026-07-08 20:22:56.843791,Out for Delivery,Leonardshire,OD
EV000487,SH00086,2026-07-16 09:55:25.325274,Delivered,North April,DL
EV000488,SH00080,2026-06-25 19:03:14.076633,In Transit,Port Jenniferside,IT
EV000489,SH00023,2026-06-10 06:27:32.879983,Picked Up,Lake Tracymouth,PU
EV000490,SH00006,2026-06-16 19:10:15.521057,Picked Up,Hansenchester,PU
EV000491,SH00040,2026-07-10 05:22:26.112774,In Transit,South Denise,IT
EV000492,SH00025,2026-06-14 07:28:31.558322,Attempted Delivery,Lake Meganfurt,AD
EV000493,SH00015,2026-07-03 13:38:13.210655,Attempted Delivery,West Scottport,AD
EV000494,SH00040,2026-06-05 16:25:44.499791,Attempted Delivery,South Kristine,AD
EV000495,SH00015,2026-06-02 20:02:59.659470,Delivered,North Jake,DL
EV000496,SH00041,2026-06-13 00:25:43.654112,Delivered,Katherineberg,DL
EV000497,SH00033,2026-06-25 17:44:59.922232,Picked Up,North Jasonmouth,PU
EV000498,SH00025,2026-07-12 03:13:45.304126,Attempted Delivery,South Autumn,AD
EV000499,SH00074,2026-06-30 07:13:15.165485,In Transit,East Baileyton,IT
EV000500,SH00028,2026-07-09 10:39:05.049670,In Transit,Laurenmouth,IT
